pathway,NGenes,Direction,PValue,FDR
cluster.2.DOWN,19,Down,2.70457679418065e-05,0.000324549215301678
cluster.0.UP,15,Down,5.55650455408499e-05,0.000333390273245099
cluster.5.UP,30,Up,0.00194960322751601,0.00779841291006405
cluster.3.UP,113,Down,0.00275765234307689,0.00827295702923066
cluster.1.DOWN,28,Down,0.00618328704034442,0.0148398888968266
