pathway,NGenes,Direction,PValue,FDR
HALLMARK_E2F_TARGETS,199,Down,0.000501199959764185,0.0164042985466908
HALLMARK_MYC_TARGETS_V2,58,Down,0.000656171941867632,0.0164042985466908
