pathway,NGenes,Direction,PValue,FDR
cluster.1.DOWN,28,Up,0.00210474821643653,0.0175975047574337
cluster.3.UP,113,Up,0.00293291745957229,0.0175975047574337
