rn,logFC,AveExpr,t,P.Value,adj.P.Val,B,direction
ENSG00000267466,-1.68292663827073,1.94598929733144,-7.09665900418732,1.06220354042362e-06,0.0171120990362245,4.14362642868552,down.reg
