pathway,NGenes,Direction,PValue,FDR
cluster.0.UP,35,Up,0.000378496313713242,0.00405999051372021
cluster.3.UP,191,Up,0.000579998644817173,0.00405999051372021
cluster.4.UP,18,Up,0.00214816502183579,0.0100247701019004
