pathway,NGenes,Direction,PValue,FDR
cluster.3.UP,191,Up,0.000165930059365283,0.00232302083111396
cluster.1.DOWN,235,Up,0.00224523926766607,0.0157166748736625
