pathway,NGenes,Direction,PValue,FDR
cluster.5.UP,80,Down,8.14469468094202e-06,0.000114025725533188
cluster.2.UP,62,Down,0.00529318058861455,0.0370522641203018
