pathway,NGenes,Direction,PValue,FDR
HALLMARK_MYC_TARGETS_V1,199,Up,3.30748473130708e-05,0.00156378825543625
HALLMARK_OXIDATIVE_PHOSPHORYLATION,199,Up,6.255153021745e-05,0.00156378825543625
HALLMARK_E2F_TARGETS,200,Up,0.000632529129177997,0.0105421521529666
HALLMARK_MYC_TARGETS_V2,58,Up,0.00189146669859609,0.0236433337324511
