pathway,NGenes,Direction,PValue,FDR
cluster.3.UP,191,Down,1.6783380188271e-07,2.34967322635794e-06
cluster.3.DOWN,72,Up,0.000909468850184309,0.00636628195129017
cluster.1.DOWN,237,Down,0.00422142402315315,0.0196999787747147
