pathway,NGenes,Direction,PValue,FDR
HALLMARK_MYC_TARGETS_V1,199,Down,1.28787663652635e-06,6.43938318263176e-05
HALLMARK_OXIDATIVE_PHOSPHORYLATION,199,Down,8.3812677318094e-06,0.000209531693295235
HALLMARK_E2F_TARGETS,200,Down,4.61819472011063e-05,0.000769699120018438
HALLMARK_MYC_TARGETS_V2,58,Down,0.000183717439077163,0.00229646798846453
HALLMARK_G2M_CHECKPOINT,198,Down,0.00131099667527054,0.0131099667527054
