pathway,NGenes,Direction,PValue,FDR
cluster.5.UP,82,Up,5.11828012348299e-06,5.40128586162549e-05
cluster.3.UP,191,Down,7.71612265946498e-06,5.40128586162549e-05
cluster.3.DOWN,72,Up,0.00584281917681476,0.0272664894918022
cluster.1.DOWN,237,Down,0.00838000986408023,0.0293300345242808
