pathway,NGenes,Direction,PValue,FDR
HALLMARK_INTERFERON_ALPHA_RESPONSE,92,Up,4.62693009857848e-05,0.00209785922487857
HALLMARK_OXIDATIVE_PHOSPHORYLATION,199,Down,8.39143689951427e-05,0.00209785922487857
HALLMARK_INTERFERON_GAMMA_RESPONSE,170,Up,0.000628411363921697,0.0104735227320283
HALLMARK_INFLAMMATORY_RESPONSE,142,Up,0.0042388421250472,0.0476223550549944
HALLMARK_MYC_TARGETS_V1,199,Down,0.00476223550549944,0.0476223550549944
