pathway,NGenes,Direction,PValue,FDR
cluster.3.UP,191,Down,2.41921418327402e-07,3.38689985658362e-06
cluster.2.UP,65,Up,8.18331432610145e-07,5.72832002827102e-06
cluster.3.DOWN,72,Up,2.25966659799333e-06,1.05451107906355e-05
cluster.0.DOWN,62,Up,0.00663993691390318,0.0202815782582843
cluster.4.DOWN,148,Up,0.00724342080653012,0.0202815782582843
cluster.2.DOWN,37,Down,0.0157534743257636,0.0367581067601152
cluster.1.UP,152,Up,0.0213498465866916,0.0426996931733832
