pathway,NGenes,Direction,PValue,FDR
HALLMARK_E2F_TARGETS,200,Down,2.62460869619586e-05,0.00131230434809793
HALLMARK_MYC_TARGETS_V1,199,Down,8.08752261972896e-05,0.00202188065493224
HALLMARK_HYPOXIA,181,Up,0.000223562968652495,0.00372604947754158
HALLMARK_OXIDATIVE_PHOSPHORYLATION,199,Down,0.000562638998260979,0.00678068559125326
HALLMARK_MYC_TARGETS_V2,58,Down,0.000678068559125326,0.00678068559125326
HALLMARK_G2M_CHECKPOINT,198,Down,0.000858375547561537,0.00715312956301281
